{"cameraMode":{"drawMode":0,"name":"Shaded","section":"Shading Mode"},"sceneLighting":false,"audioPlay":false,"sceneViewState":{"showFog":true,"showMaterialUpdate":false,"showSkybox":true,"showFlares":true,"showImageEffects":true,"showParticleSystems":true},"in2DMode":false,"pivot":{"x":0.06324625015258789,"y":1.3111796379089356,"z":-0.8672713041305542},"rotation":{"x":0.05980170890688896,"y":-0.766883134841919,"z":0.07223597913980484,"w":0.6348984241485596},"size":3.943812847137451,"orthographic":false}